"id","marka_id","model_id","name","status"
1,1,9948,86,1
2,1,2,"ALLEX",1
3,1,3,"ALLION",1
4,1,4,"ALPHARD",1
5,1,8,"ALTEZZA",1
6,1,9,"ALTEZZA WAGON",1
7,1,9580,"AQUA",1
8,1,10,"ARISTO",1
9,1,11,"AURIS",1
10,1,12,"AVALON",1
11,1,14,"AVENSIS SEDAN",1
12,1,15,"AVENSIS WAGON",1
13,1,16,"BB",1
14,1,17,"BELTA",1
15,1,1291,"BLADE",1
16,1,20,"BREVIS",1
17,1,30771,"C-HR",1
18,1,21,"CALDINA",1
19,1,22,"CALDINA VAN",1
20,1,23,"CAMI",1
21,1,24,"CAMROAD",1
22,1,25,"CAMRY",1
23,1,4699,"CAMRY SOLARA",1
24,1,29,"CARIB",1
25,1,30,"CARINA",1
26,1,31,"CARINA ED",1
27,1,34,"CAVALIER",1
28,1,35,"CELICA",1
29,1,36,"CELSIOR",1
30,1,37,"CENTURY",1
31,1,38,"CHASER",1
32,1,39,"CLASSIC",1
33,1,40,"COASTER",1
34,1,4852,"COMFORT",1
35,1,41,"COROLLA",1
36,1,42,"COROLLA AXIO",1
37,1,43,"COROLLA CERES",1
38,1,44,"COROLLA FIELDER",1
39,1,45,"COROLLA FX",1
40,1,46,"COROLLA II",1
41,1,47,"COROLLA LEVIN",1
42,1,1922,"COROLLA RUMION",1
43,1,48,"COROLLA RUNX",1
44,1,49,"COROLLA SPACIO",1
45,1,50,"COROLLA TOURING WAGON",1
46,1,51,"COROLLA VAN",1
47,1,53,"CORONA",1
48,1,54,"CORONA EXIV",1
49,1,137,"CORONA PREMIO",1
50,1,57,"CORONA VAN",1
51,1,58,"CORSA",1
52,1,59,"CRESTA",1
53,1,60,"CROWN",1
54,1,2185,"CROWN COMFORT",1
55,1,63,"CROWN ESTATE",1
56,1,6353,"CROWN VAN",1
57,1,66,"CROWN WAGON",1
58,1,68,"CYNOS",1
59,1,71,"DUET",1
60,1,72,"DYNA",1
61,1,73,"EMINA",1
62,1,22500,"ESQUIRE",1
63,1,74,"ESTIMA",1
64,1,75,"ESTIMA HYBRID",1
65,1,1744,"FJ CRUISER",1
66,1,26566,"FUN CARGO",1
67,1,78,"FUNCARGO",1
68,1,79,"GAIA",1
69,1,26567,"GAYA",1
70,1,81,"GRANVIA",1
71,1,82,"HARRIER",1
72,1,84,"HIACE",1
73,1,86,"HIACE REGIUS",1
74,1,87,"HIACE TRUCK",1
75,1,88,"HIACE VAN",1
76,1,89,"HILUX",1
77,1,2196,"HILUX SURF",1
78,1,96,"IPSUM",1
79,1,5053,"IQ",1
80,1,97,"ISIS",1
81,1,98,"IST",1
82,1,99,"KLUGER",1
83,1,9637,"KLUGER HYBRID",1
84,1,102,"LAND CRUISER",1
85,1,106,"LAND CRUISER PRADO",1
86,1,9101,"LEXUS CT",1
87,1,2005,"LEXUS GS",1
88,1,6775,"LEXUS HS",1
89,1,2006,"LEXUS IS",1
90,1,2007,"LEXUS LS",1
91,1,11540,"LEXUS NX",1
92,1,23794,"LEXUS RC",1
93,1,2008,"LEXUS RX",1
94,1,2009,"LEXUS SC",1
95,1,109,"LITE ACE",1
96,1,110,"LITE ACE NOAH",1
97,1,113,"LITE ACE TRUCK",1
98,1,114,"LITE ACE VAN",1
99,1,115,"LITE ACE WAGON",1
100,1,2092,"LITEACE VAN",1
101,1,116,"LUCIDA",1
102,1,117,"MARK II",1
103,1,26569,"MARK II BLIT",1
104,1,26570,"MARK II QUALIS",1
105,1,119,"MARK II WAGON",1
106,1,122,"MARK X",1
107,1,1951,"MARK X ZIO",1
108,1,123,"MASTER ACE SURF",1
109,1,126,"MR-S",1
110,1,1747,"MR2",1
111,1,127,"NADIA",1
112,1,128,"NOAH",1
113,1,130,"OPA",1
114,1,1202,"OTHERS",1
115,1,134,"PASSO",1
116,1,5468,"PASSO SETTE",1
117,1,10203,"PIXIS EPOCH",1
118,1,25432,"PIXIS MEGA",1
119,1,9499,"PIXIS SPACE",1
120,1,9938,"PIXIS TRUCK",1
121,1,9877,"PIXIS VAN",1
122,1,135,"PLATZ",1
123,1,136,"PORTE",1
124,1,55,"PREMIO",1
125,1,139,"PRIUS",1
126,1,9245,"PRIUS ALPHA",1
127,1,9784,"PRIUS PHV",1
128,1,140,"PROBOX",1
129,1,141,"PROBOX VAN",1
130,1,143,"PROGRES",1
131,1,144,"PRONARD",1
132,1,148,"RACTIS",1
133,1,149,"RAUM",1
134,1,150,"RAV4",1
135,1,151,"RAV4 J",1
136,1,152,"RAV4 L",1
137,1,155,"REGIUS",1
138,1,156,"REGIUS ACE",1
139,1,2089,"REGIUS ACE COMMUTER",1
140,1,157,"REGIUS VAN",1
141,1,30887,"ROOMY",1
142,1,159,"RUSH",1
143,1,6356,"SAI",1
144,1,165,"SCEPTER WAGON",1
145,1,167,"SEQUOIA",1
146,1,168,"SERA",1
147,1,169,"SIENTA",1
148,1,170,"SOARER",1
149,1,1751,"SOLARA",1
150,1,10211,"SPADE",1
151,1,171,"SPARKY",1
152,1,172,"SPRINTER",1
153,1,2210,"SPRINTER CARIB",1
154,1,174,"SPRINTER MARINO",1
155,1,176,"SPRINTER VAN",1
156,1,178,"STARLET",1
157,1,179,"SUCCEED",1
158,1,180,"SUCCEED VAN",1
159,1,182,"SUPRA",1
160,1,183,"T100",1
161,1,184,"TACOMA",1
162,1,31073,"TANK",1
163,1,185,"TERCEL",1
164,1,187,"TOWN ACE",1
165,1,188,"TOWN ACE NOAH",1
166,1,190,"TOWN ACE TRUCK",1
167,1,191,"TOWN ACE VAN",1
168,1,192,"TOWN ACE WAGON",1
169,1,193,"TOYOACE",1
170,1,7713,"TOYOTA FORKLIFT",1
171,1,30443,"TOYOTA LEXUS",1
172,1,200,"TUNDRA",1
173,1,1853,"VANGUARD",1
174,1,2855,"VELLFIRE",1
175,1,9561,"VELLFIRE HYBRID",1
176,1,201,"VEROSSA",1
177,1,202,"VISTA",1
178,1,203,"VISTA ARDEO",1
179,1,205,"VITZ",1
180,1,206,"VOLTZ",1
181,1,207,"VOXY",1
182,1,208,"WILL",1
183,1,209,"WILL VI",1
184,1,210,"WILL VS",1
185,1,211,"WINDOM",1
186,1,212,"WISH",1
187,2,4880,"180 SX",1
188,2,1919,"AD",1
189,2,9805,"ATLAS",1
190,2,218,"ATLAS TRUCK",1
191,2,219,"AVENIR",1
192,2,2220,"BASSARA",1
193,2,9694,"BE-1",1
194,2,9806,"BIGTHUMB",1
195,2,225,"BLUEBIRD",1
196,2,227,"BLUEBIRD SYLPHY",1
197,2,31305,"BUS",1
198,2,229,"CARAVAN",1
199,2,230,"CARAVAN BUS",1
200,2,232,"CEDRIC",1
201,2,234,"CEDRIC VAN",1
202,2,235,"CEDRIC WAGON",1
203,2,236,"CEFIRO",1
204,2,238,"CIMA",1
205,2,9810,"CIVILIAN",1
206,2,2093,"CLIPPER RIO",1
207,2,240,"CLIPPER TRUCK",1
208,2,241,"CLIPPER VAN",1
209,2,243,"CONDOR",1
210,2,30916,"COUPE",1
211,2,246,"CUBE",1
212,2,9812,"CUBECUBIC",1
213,2,248,"DATSUN",1
214,2,10547,"DATSUN PICKUP",1
215,2,10565,"DAYZ",1
216,2,10860,"DAYZ ROOX",1
217,2,1463,"DUALIS",1
218,2,250,"ELGRAND",1
219,2,252,"EXA",1
220,2,253,"EXPERT",1
221,2,9814,"FAIRLADYZ",1
222,2,256,"FIGARO",1
223,2,257,"FUGA",1
224,2,9111,"FUGA HYBRID",1
225,2,258,"GAZELLE",1
226,2,259,"GLORIA",1
227,2,262,"GLORIA WAGON",1
228,2,2001,"GT-R",1
229,2,264,"HOMY",1
230,2,267,"HOMY VAN",1
231,2,8830,"JUKE",1
232,2,5060,"KIX",1
233,2,271,"LAFESTA",1
234,2,273,"LARGO",1
235,2,9817,"LATIO",1
236,2,275,"LAUREL",1
237,2,9209,"LEAF",1
238,2,276,"LEOPARD",1
239,2,278,"LEOPARD J.FERIE",1
240,2,280,"LIBERTY",1
241,2,284,"MARCH",1
242,2,287,"MISTRAL",1
243,2,288,"MOCO",1
244,2,289,"MURANO",1
245,2,290,"NISSAN",1
246,2,291,"NISSAN BUS",1
247,2,7718,"NISSAN FORKLIFT",1
248,2,293,"NISSAN TRUCK",1
249,2,294,"NISSAN UD",1
250,2,296,"NOTE",1
251,2,10675,"NT100 CLIPPER",1
252,2,10027,"NV100 CLIPPER",1
253,2,26373,"NV100 CLIPPER RIO",1
254,2,5709,"NV200",1
255,2,5763,"NV200 VANETTE VAN",1
256,2,10198,"NV350 CARAVAN",1
257,2,1202,"OTHERS",1
258,2,300,"OTTI",1
259,2,301,"PAO",1
260,2,303,"PINO",1
261,2,304,"PRAIRIE",1
262,2,306,"PRESAGE",1
263,2,307,"PRESEA",1
264,2,308,"PRESIDENT",1
265,2,310,"PRIMERA",1
266,2,314,"PRIMERA WAGON",1
267,2,316,"PULSAR",1
268,2,7808,"QUON",1
269,2,320,"R NESSA",1
270,2,321,"RASHEEN",1
271,2,2231,"RNESSA",1
272,2,6358,"ROOX",1
273,2,324,"SAFARI",1
274,2,326,"SERENA",1
275,2,327,"SERENA VAN",1
276,2,328,"SILVIA",1
277,2,329,"SIVILIAN",1
278,2,330,"SKYLINE",1
279,2,5741,"SKYLINE CROSSOVER",1
280,2,334,"STAGEA",1
281,2,335,"SUNNY",1
282,2,337,"SUNNY TRUCK",1
283,2,339,"TEANA",1
284,2,340,"TERRANO",1
285,2,341,"TERRANO REGULUS",1
286,2,343,"TIIDA",1
287,2,344,"TIIDA LATIO",1
288,2,345,"TINO",1
289,2,9641,"UD",1
290,2,347,"VANETTE",1
291,2,350,"VANETTE TRUCK",1
292,2,351,"VANETTE VAN",1
293,2,354,"WINGROAD",1
294,2,355,"X-TRAIL",1
295,3,357,"ATENZA SEDAN",1
296,3,358,"ATENZA SPORT",1
297,3,2024,"ATENZA WAGON",1
298,3,361,"AUTOZAM AZ-3",1
299,3,362,"AUTOZAM CAROL",1
300,3,366,"AXELA",1
301,3,11172,"AXELA HYBRID",1
302,3,4773,"AZ OFFROAD",1
303,3,368,"AZ WAGON",1
304,3,1897,"AZ-1",1
305,3,369,"AZ-OFFROAD",1
306,3,4893,"BIANTE",1
307,3,371,"BONGO",1
308,3,2025,"BONGO BRAWNY AFT",1
309,3,374,"BONGO BRAWNY TRUCK",1
310,3,375,"BONGO BRAWNY VAN",1
311,3,26354,"BONGO BROWNY TRUCK",1
312,3,377,"BONGO FRIENDEE",1
313,3,379,"BONGO VAN",1
314,3,380,"CAPELLA",1
315,3,384,"CAPELLA WAGON",1
316,3,385,"CAROL",1
317,3,11179,"CAROL ECO",1
318,3,23398,"CX-3",1
319,3,9958,"CX-5",1
320,3,9644,"CX-7",1
321,3,389,"DEMIO",1
322,3,394,"EFINI RX-7",1
323,3,398,"EUNOS 800",1
324,3,401,"EUNOS ROADSTER",1
325,3,404,"FAMILIA",1
326,3,2251,"FAMILIA S WAGON",1
327,3,409,"FAMILIA VAN",1
328,3,10302,"FLAIR",1
329,3,11183,"FLAIR CROSSOVER",1
330,3,10236,"FLAIR WAGON",1
331,3,418,"LANTIS",1
332,3,419,"LAPUTA",1
333,3,2256,"MAZDA SPEED ATENZA",1
334,3,4846,"MAZDA SPEED AXELA",1
335,3,426,"MILLENIA",1
336,3,427,"MPV",1
337,3,429,"MS 8",1
338,3,1202,"OTHERS",1
339,3,435,"PERSONA",1
340,3,438,"PREMACY",1
341,3,439,"PROCEED",1
342,3,440,"PROCEED LEVANTE",1
343,3,441,"PROCEED MARVIE",1
344,3,443,"ROADSTER",1
345,3,446,"RX-7",1
346,3,447,"RX-8",1
347,3,449,"SCRUM",1
348,3,450,"SCRUM TRUCK",1
349,3,454,"SPIANO",1
350,3,456,"TITAN",1
351,3,457,"TRIBUTE",1
352,3,458,"VERISA",1
353,4,1278,"AERO MIDI",1
354,4,2165,"AERO QUENN",1
355,4,1260,"AERO STAR",1
356,4,460,"AIRTREK",1
357,4,463,"BRAVO",1
358,4,2234,"CANTER",1
359,4,26365,"CANTER GUTS TRUCK",1
360,4,467,"CHALLENGER",1
361,4,468,"CHARIOT",1
362,4,469,"CHARIOT GRANDIS",1
363,4,471,"COLT",1
364,4,472,"COLT PLUS",1
365,4,473,"DEBONAIR",1
366,4,475,"DELICA",1
367,4,9747,"DELICA D 2",1
368,4,9587,"DELICA D3",1
369,4,2015,"DELICA D5",1
370,4,9160,"DELICA D:2",1
371,4,9563,"DELICA D:3",1
372,4,479,"DELICA TRUCK",1
373,4,481,"DIAMANTE",1
374,4,482,"DIAMANTE WAGON",1
375,4,484,"DINGO",1
376,4,485,"DION",1
377,4,486,"ECLIPSE",1
378,4,487,"ECLIPSE SPIDER",1
379,4,2040,"EK ACTIVE",1
380,4,10559,"EK CUSTOM",1
381,4,10939,"EK SPACE",1
382,4,11197,"EK SPACE CUSTOM",1
383,4,9835,"EK SPORTS",1
384,4,4770,"EK WAGON",1
385,4,497,"FTO",1
386,4,498,"FUSO",1
387,4,26366,"FUSO AERO MIDI BUS",1
388,4,2838,"FUSO BUS",1
389,4,2236,"FUSO FIGHTER",1
390,4,26367,"FUSO MIGNON",1
391,4,26368,"FUSO ROSA BUS",1
392,4,1328,"FUSO TRUCK",1
393,4,499,"GALANT",1
394,4,1926,"GALANT FORTIS",1
395,4,502,"GRANDIS",1
396,4,503,"GREAT",1
397,4,504,"GTO",1
398,4,505,"I",1
399,4,9164,"I-MIEV",1
400,4,506,"JEEP",1
401,4,507,"LANCER",1
402,4,512,"LANCER VAN",1
403,4,514,"LEGNUM",1
404,4,516,"LIBERO VAN",1
405,4,517,"MINICA",1
406,4,10358,"MINICAB MIEV",1
407,4,523,"MINICAB TRUCK",1
408,4,524,"MINICAB VAN",1
409,4,525,"MINIYON",1
410,4,526,"MIRAGE",1
411,4,529,"MITSUBISHI",1
412,4,531,"MITUBISHI BUS",1
413,4,7719,"MITUBISHI FORKLIFT",1
414,4,7739,"MITUBISHI WHEELLOADER",1
415,4,8828,"MITUBISHI YUMBO",1
416,4,1202,"OTHERS",1
417,4,534,"OUTLANDER",1
418,4,10851,"OUTLANDER PHEV",1
419,4,535,"PAJERO",1
420,4,536,"PAJERO IO",1
421,4,537,"PAJERO JUNIOR",1
422,4,538,"PAJERO MINI",1
423,4,540,"PROUDIA",1
424,4,541,"ROSA",1
425,4,542,"RVR",1
426,4,26369,"S.GREAT",1
427,4,545,"STRADA",1
428,4,4341,"SUPER GREAT",1
429,4,1392,"TOPPO",1
430,4,546,"TOPPO BJ",1
431,4,547,"TOPPO BJ VAN",1
432,4,9839,"TOWNBOX",1
433,4,4768,"TOWNBOX WIDE",1
434,4,550,"TRITON",1
435,5,551,"ACCORD",1
436,5,11164,"ACCORD HYBRID",1
437,5,5517,"ACCORD TOURER",1
438,5,554,"ACCORD WAGON",1
439,5,556,"ACTY TRUCK",1
440,5,557,"ACTY VAN",1
441,5,560,"AIRWAVE",1
442,5,561,"ASCOT",1
443,5,563,"AVANCIER",1
444,5,564,"BEAT",1
445,5,565,"CAPA",1
446,5,566,"CITY",1
447,5,567,"CIVIC",1
448,5,2263,"CIVIC COUPE",1
449,5,569,"CIVIC HYBRID",1
450,5,574,"CR-V",1
451,5,575,"CR-X",1
452,5,6832,"CR-Z",1
453,5,577,"CROSSROAD",1
454,5,578,"DOMANI",1
455,5,579,"EDIX",1
456,5,580,"ELEMENT",1
457,5,581,"ELYSION",1
458,5,582,"FIT",1
459,5,9251,"FIT SHUTTLE",1
460,5,2930,"FREED",1
461,5,9617,"FREED HYBRID",1
462,5,8881,"FREED SPIKE",1
463,5,31878,"GALANT FORTIS",1
464,5,22585,"GRACE",1
465,5,584,"HONDA",1
466,5,586,"HR-V",1
467,5,587,"INSIGHT",1
468,5,9776,"INSIGHT EXCLUSIVE",1
469,5,588,"INSPIRE",1
470,5,589,"INTEGRA",1
471,5,23323,"JADE",1
472,5,593,"LAGREAT",1
473,5,594,"LEGEND",1
474,5,596,"LIFE",1
475,5,597,"LIFE DUNK",1
476,5,598,"LOGO",1
477,5,599,"MDX",1
478,5,600,"MOBILIO",1
479,5,601,"MOBILIO SPIKE",1
480,5,9586,"N BOX",1
481,5,9618,"N BOX CUSTOM",1
482,5,10199,"N BOX PLUS",1
483,5,26335,"N BOX+CUSTOM",1
484,5,10296,"N ONE",1
485,5,10791,"N WGN",1
486,5,26336,"N-BOX SLASH",1
487,5,26337,"N-ONE",1
488,5,26338,"N-WGN",1
489,5,604,"NSX",1
490,5,605,"ODYSSEY",1
491,5,27957,"ODYSSEY HYBRID",1
492,5,607,"ORTHIA",1
493,5,1202,"OTHERS",1
494,5,611,"PARTNER",1
495,5,612,"PRELUDE",1
496,5,616,"S-MX",1
497,5,617,"S2000",1
498,5,23718,"S660",1
499,5,619,"SABER",1
500,5,25837,"SHUTTLE",1
501,5,620,"SPIKE",1
502,5,621,"STEP WAGON",1
503,5,4764,"STEPWGN",1
504,5,623,"STREAM",1
505,5,624,"STREET",1
506,5,626,"THATS",1
507,5,627,"TODAY",1
508,5,629,"TORNEO",1
509,5,630,"VAMOS",1
510,5,10853,"VEZEL",1
511,5,633,"Z",1
512,5,634,"ZEST",1
513,6,635,"AERIO SEDAN",1
514,6,637,"ALTO",1
515,6,9742,"ALTO ECO",1
516,6,26555,"ALTO EKO",1
517,6,2281,"ALTO LAPIN",1
518,6,26556,"ALTO LAPIN CHOCOLATE",1
519,6,26557,"ALTO TURBO RS",1
520,6,4658,"BALENO",1
521,6,644,"CAPPUCCINO",1
522,6,1322,"CARAVAN",1
523,6,646,"CARRY TRUCK",1
524,6,648,"CERVO",1
525,6,649,"CERVO CLASSIC",1
526,6,9847,"CRUZE",1
527,6,659,"ESCUDO",1
528,6,661,"EVERY",1
529,6,662,"EVERY LANDY",1
530,6,665,"EVERY WAGON",1
531,6,668,"GRAND ESCUDO",1
532,6,10830,"HUSTLER",1
533,6,27958,"IGNIS",1
534,6,669,"JIMNY",1
535,6,670,"JIMNY L",1
536,6,671,"JIMNY SIERRA",1
537,6,672,"JIMNY WIDE",1
538,6,673,"KEI",1
539,6,6364,"KIZASHI",1
540,6,2042,"LANDY",1
541,6,676,"LAPIN",1
542,6,677,"MIGHTY BOY",1
543,6,678,"MR WAGON",1
544,6,26558,"MRWAGON",1
545,6,5746,"MW",1
546,6,1202,"OTHERS",1
547,6,2181,"PALETTE",1
548,6,7767,"SENIOCAR",1
549,6,683,"SOLIO",1
550,6,11204,"SOLIO BANDIT",1
551,6,10560,"SPACIA",1
552,6,11203,"SPACIA CUSTOM",1
553,6,5076,"SPLASH",1
554,6,684,"SUZUKI",1
555,6,687,"SWIFT",1
556,6,26559,"SWIFT SPORTS",1
557,6,1902,"SX-4",1
558,6,689,"TWIN",1
559,6,691,"WAGON R",1
560,6,26560,"WAGON R+",1
561,7,698,"ALCYONE SVX",1
562,7,9994,"BRZ",1
563,7,31827,"CHIFFON",1
564,7,5106,"DEX",1
565,7,700,"DIAS WAGON",1
566,7,4888,"EXIGA",1
567,7,703,"FORESTER",1
568,7,705,"IMPREZA",1
569,7,5523,"IMPREZA ANESIS",1
570,7,9997,"IMPREZA G4",1
571,7,26553,"IMPREZA SPORT",1
572,7,707,"IMPREZA SPORT WAGON",1
573,7,8917,"IMPREZA XV",1
574,7,711,"LEGACY",1
575,7,712,"LEGACY B4",1
576,7,713,"LEGACY GRAND WAGON",1
577,7,11199,"LEVORG",1
578,7,7189,"LUCRA",1
579,7,8856,"LUCRA CUSTOM",1
580,7,1406,"OTHER",1
581,7,1202,"OTHERS",1
582,7,720,"OUTBACK",1
583,7,721,"PLEO",1
584,7,10413,"PLEO PLUS",1
585,7,724,"R1",1
586,7,725,"R2",1
587,7,726,"REX",1
588,7,728,"SAMBAR",1
589,7,733,"STELLA",1
590,7,10623,"SUBARU XV",1
591,7,738,"TRAVIQ",1
592,7,9105,"TREZIA",1
593,7,739,"VIVIO",1
594,7,10238,"WRX",1
595,7,24572,"WRX S4",1
596,7,10979,"WRX STI",1
597,8,742,"117COUPE",1
598,8,1320,"BELLETT",1
599,8,745,"BIGHORN",1
600,8,748,"COMO",1
601,8,750,"COMO WAGON",1
602,8,755,"ELF TRUCK",1
603,8,758,"FARGO TRUCK",1
604,8,759,"FARGO VAN",1
605,8,764,"FORWARD",1
606,8,4932,"GALA",1
607,8,765,"GEMINI",1
608,8,766,"GIGA",1
609,8,768,"ISUZU TRUCK",1
610,8,770,"JUSTON",1
611,8,771,"MU",1
612,8,1202,"OTHERS",1
613,8,776,"PIAZZA",1
614,8,9649,"TRUCK",1
615,8,2272,"WIZARD",1
616,9,782,"ALTIS",1
617,9,785,"ATRAI",1
618,9,2273,"ATRAI 7",1
619,9,786,"ATRAI WAGON",1
620,9,788,"BE GO",1
621,9,2043,"BEGO",1
622,9,789,"BOON",1
623,9,5440,"BOON LUMINAS",1
624,9,25757,"CAST",1
625,9,790,"CHARADE",1
626,9,794,"COO",1
627,9,795,"COPEN",1
628,9,796,"DAIHATSU",1
629,9,797,"DELTA TRUCK",1
630,9,798,"DELTA VAN",1
631,9,799,"DELTA WAGON",1
632,9,801,"ESSE",1
633,9,803,"HIJET",1
634,9,28898,"HIJET CADDIE",1
635,9,804,"HIJET TRUCK",1
636,9,805,"HIJET VAN",1
637,9,808,"MAX",1
638,9,810,"MIDGET II",1
639,9,811,"MIRA",1
640,9,9650,"MIRA E S",1
641,9,816,"MIRA TR-XX",1
642,9,818,"MOVE",1
643,9,30165,"MOVE CANBUS",1
644,9,4928,"MOVE CONTE",1
645,9,819,"MOVE LATTE",1
646,9,820,"NAKED",1
647,9,821,"OPTI",1
648,9,1202,"OTHERS",1
649,9,824,"PYZAR",1
650,9,828,"SONICA",1
651,9,829,"STORIA",1
652,9,830,"TAFT",1
653,9,831,"TANTO",1
654,9,6748,"TANTO EXE",1
655,9,832,"TERIOS",1
656,9,833,"TERIOS KID",1
657,9,22579,"WAKE",1
658,9,836,"YRV",1
659,10,3135,"GALUE",1
660,10,3003,"GALUE II",1
661,10,6368,"HIMIKO",1
662,10,11210,"LIKE",1
663,10,1202,"OTHERS",1
664,10,3163,"RYOGA",1
665,10,3006,"VIEWT",1
666,12,839,"ALFA ROMEO 147",1
667,12,841,"ALFA ROMEO 156",1
668,12,2144,"ALFA ROMEO 159",1
669,12,2078,"ALFA ROMEO BRERA",1
670,12,10267,"ALFA ROMEO GIULIETTA",1
671,12,2145,"ALFA ROMEO GT",1
672,12,9054,"ALFA ROMEO MITO",1
673,12,846,"ALFA ROMEO SPIDER",1
674,12,847,"ALFA ROMEO SPORTWAGON",1
675,13,9206,"A1",1
676,13,11235,"A1 SPORTBACK",1
677,13,852,"A3",1
678,13,11236,"A3 SEDAN",1
679,13,853,"A4",1
680,13,26308,"A4 AVANTE",1
681,13,2858,"A5",1
682,13,26309,"A5 CABRIO",1
683,13,8858,"A5 SPORTBACK",1
684,13,854,"A6",1
685,13,3168,"A6 ALLROAD QUATTRO",1
686,13,26310,"A6 AVANTE",1
687,13,11237,"A6 HYBRID",1
688,13,9533,"A7",1
689,13,9315,"A7 SPORTBACK",1
690,13,855,"A8",1
691,13,856,"ALLROAD",1
692,13,856,"AUDI ALLROAD",1
693,13,2033,"AUDI TT",1
694,13,1202,"OTHERS",1
695,13,10535,"Q3",1
696,13,5698,"Q5",1
697,13,2124,"Q7",1
698,13,2159,"R8",1
699,13,11242,"RS Q3",1
700,13,27965,"RS3 SPORTBACK",1
701,13,858,"RS6",1
702,13,1295,"S3",1
703,13,11245,"S3 SEDAN",1
704,13,859,"S4",1
705,13,26311,"S4 AVANTE",1
706,13,5086,"S5",1
707,13,10186,"S5 SPORTBACK",1
708,13,860,"S6",1
709,13,26312,"S6 AVANTE",1
710,13,11246,"S7 SPORTBACK",1
711,13,1251,"S8",1
712,13,27899,"S8 PLUS",1
713,13,11247,"SQ5",1
714,13,2033,"TT",1
715,13,8880,"TT RS COUPE",1
716,13,11248,"TT RS PLUS COUPE",1
717,13,26313,"TTCOUPE",1
718,13,5588,"TTS COUPE",1
719,14,5827,"1 SERIES",1
720,14,11320,"2 SERIES",1
721,14,1506,"3 SERIES",1
722,14,26314,"4SERIES",1
723,14,1530,"5 SERIES",1
724,14,1550,"6 SERIES",1
725,14,1554,"7 SERIES",1
726,14,862,"BMW",1
727,14,2032,"BMW 1 SERIES",1
728,14,11549,"BMW 2 SERIES",1
729,14,863,"BMW 3 SERIES",1
730,14,11482,"BMW 4 SERIES",1
731,14,864,"BMW 5 SERIES",1
732,14,865,"BMW 6 SERIES",1
733,14,866,"BMW 7 SERIES",1
734,14,868,"BMW ALPINA",1
735,14,23839,"BMW I3",1
736,14,871,"BMW M3",1
737,14,873,"BMW M6",1
738,14,874,"BMW MINI",1
739,14,7795,"BMW X1",1
740,14,875,"BMW X3",1
741,14,876,"BMW X5",1
742,14,4892,"BMW X6",1
743,14,877,"BMW Z3",1
744,14,878,"BMW Z4",1
745,14,11322,"i3",1
746,14,22202,"I8",1
747,14,1570,"M COUPE",1
748,14,26862,"M2",1
749,14,1572,"M3",1
750,14,11808,"M4",1
751,14,1574,"M6",1
752,14,9668,"X1",1
753,14,1576,"X3",1
754,14,1577,"X5",1
755,14,5836,"X6",1
756,14,6458,"Z3 ROADSTER",1
757,14,1580,"Z4",1
758,15,1582,300,1
759,15,5518,"300C",1
760,15,9717,"300C TOURING",1
761,15,3014,"CHRYSLER 300",1
762,15,2076,"CHRYSLER 300C",1
763,15,882,"CHRYSLER PT CRUISER",1
764,15,3018,"CHRYSLER VOYAGER",1
765,15,10435,"CHRYSLER YPSILON",1
766,15,1586,"CROSSFIRE",1
767,15,2139,"DODGE DAKOTA",1
768,15,9675,"GRAND VOYAGER",1
769,15,1594,"PT CRUISER",1
770,15,11393,"YPSILON",1
771,18,6608,500,1
772,18,11412,"500S",1
773,18,23241,"500X",1
774,19,1402,"BRONCO",1
775,16,4447,"C3",1
776,16,4448,"C4",1
777,16,6404,"C4 PICASSO",1
778,16,4449,"C5",1
779,16,4450,"C6",1
780,20,22869,"CADILLAC XTS",1
781,20,2133,"CHEVROLET AVALANCHE",1
782,20,971,"CHEVROLET TRAIL BLAZER",1
783,16,894,"CITROEN",1
784,16,895,"CITROEN C3",1
785,16,2147,"CITROEN C4",1
786,16,896,"CITROEN C5",1
787,16,2828,"CITROEN C6",1
788,16,8941,"CITROEN DS3",1
789,16,10233,"CITROEN DS4",1
790,16,2880,"CITROEN XSARA PICASSO",1
791,16,6406,"CX",1
792,17,5345,"DAIMLER",1
793,16,7752,"DS3",1
794,16,10005,"DS4",1
795,16,11221,"DS5",1
796,19,1604,"E350",1
797,19,12971,"ECOSPORT",1
798,19,914,"ESCAPE",1
799,19,915,"EXPEDITION",1
800,19,1610,"EXPLORER",1
801,19,1611,"F150",1
802,19,917,"FESTIVA MINI WAGON",1
803,18,905,"FIAT",1
804,18,906,"FIAT 500",1
805,18,6865,"FIAT 500C",1
806,18,27308,"FIAT 500X",1
807,18,2163,"FIAT GRANDE PUNTO",1
808,18,910,"FIAT PANDA",1
809,18,911,"FIAT PUNTO",1
810,19,9260,"FIESTA",1
811,19,6049,"FLEX",1
812,19,1620,"FOCUS",1
813,19,918,"FORD",1
814,19,22952,"FORD ECOSPORT",1
815,19,920,"FORD EXPLORER",1
816,19,2142,"FORD FIESTA",1
817,19,922,"FORD FOCUS",1
818,19,925,"FORD MONDEO",1
819,19,926,"FORD MUSTANG",1
820,20,1387,"GMC SIERRA",1
821,18,6614,"GRANDE PUNTO",1
822,19,933,"IXION",1
823,19,934,"J 80 TRUCK",1
824,19,9535,"KUGA",1
825,18,6615,"MULTIPLA",1
826,19,1625,"MUSTANG",1
827,18,6618,"NEW PANDA",1
828,16,1202,"OTHERS",1
829,18,6619,"PANDA",1
830,18,6620,"PUNTO",1
831,16,6409,"SAXO",1
832,16,6411,"XANTIA",1
833,16,6413,"XSARA",1
834,26,6389,1007,1
835,22,26298,147,1
836,22,26300,156,1
837,22,26302,159,1
838,24,6416,"190 CLASS",1
839,26,6392,206,1
840,26,6393,207,1
841,26,11217,208,1
842,26,9736,3008,1
843,26,6395,307,1
844,26,6396,308,1
845,28,6574,400,1
846,26,6398,406,1
847,26,6399,407,1
848,22,11587,"4C",1
849,26,11218,5008,1
850,26,10168,508,1
851,28,6575,600,1
852,28,6576,75,1
853,24,26356,"A CLASS",1
854,25,6508,"ASTRA",1
855,24,7855,"B CLASS",1
856,21,26330,"BLUE RIBBON BUS",1
857,28,4981,"BMW MINI",1
858,22,26304,"BRERA",1
859,21,9909,"BUS",1
860,24,7858,"C CLASS",1
861,24,26358,"C CLASS STATION WAGON",1
862,24,26850,"C CLASS WAGON",1
863,24,6422,"CL",1
864,24,26228,"CLA",1
865,24,6423,"CLK",1
866,24,26229,"CLS",1
867,24,7907,"CLS CLASS",1
868,25,2586,"CROWN HYBRID",1
869,23,9900,"CT",1
870,21,2997,"DUTRO",1
871,24,7913,"E CLASS",1
872,24,26360,"E CLASS STATION WAGON",1
873,24,26851,"E CLASS WAGON",1
874,30,26563,"FORKLIFT",1
875,28,10353,"FREELANDER2",1
876,24,7937,"G CLASS",1
877,24,6428,"GELANDEWAGEN",1
878,22,11414,"GIULIETTA",1
879,24,26230,"GL",1
880,24,7941,"GL CLASS",1
881,24,26231,"GLA",1
882,24,26232,"GLC",1
883,24,26233,"GLE",1
884,24,26852,"GLK",1
885,23,4778,"GS",1
886,23,25826,"GS F",1
887,22,26306,"GT",1
888,21,10010,"HINO",1
889,21,4877,"HINO BUS",1
890,21,10531,"HINO DUTORO",1
891,21,10540,"HINO FD",1
892,21,10532,"HINO LIESSE",1
893,21,2999,"HINO RAINBOW",1
894,21,3000,"HINO RANGER",1
895,21,3240,"HINO TRUCK",1
896,23,6346,"HS",1
897,23,6347,"IS",1
898,23,6348,"IS F",1
899,27,6378,"KANGOO",1
900,21,26331,"LIESSE BUS",1
901,23,6349,"LS",1
902,27,6381,"LUTECIA",1
903,23,26351,"LX",1
904,24,7948,"M CLASS",1
905,24,6432,"MEDIUM CLASS",1
906,27,6382,"MEGANE",1
907,21,5570,"MELPHA",1
908,24,1248,"MERCEDES BENZ",1
909,28,6578,"MINI",1
910,22,6664,"MITO",1
911,24,26853,"ML",1
912,23,26352,"NX",1
913,25,996,"OPEL ASTRA",1
914,25,997,"OPEL ASTRA WAGON",1
915,25,1002,"OPEL VITA",1
916,25,1003,"OPEL ZAFIRA",1
917,24,9706,"OTHER",1
918,22,1202,"OTHERS",1
919,26,1006,"PEUGEOT",1
920,26,2087,"PEUGEOT 1007",1
921,26,11555,"PEUGEOT 2008",1
922,26,1008,"PEUGEOT 205",1
923,26,1009,"PEUGEOT 206",1
924,26,2148,"PEUGEOT 207",1
925,26,10608,"PEUGEOT 208",1
926,26,9106,"PEUGEOT 3008",1
927,26,1010,"PEUGEOT 306",1
928,26,1011,"PEUGEOT 307",1
929,26,5069,"PEUGEOT 308",1
930,26,1013,"PEUGEOT 406",1
931,26,2079,"PEUGEOT 407",1
932,26,9051,"PEUGEOT RCZ",1
933,21,3189,"PROFIA",1
934,21,26332,"PROFIA TRUCK",1
935,24,7958,"R CLASS",1
936,21,9679,"RAINBOW",1
937,28,1476,"RANGE ROVER",1
938,21,9680,"RANGER",1
939,23,26353,"RC",1
940,23,22225,"RC F",1
941,26,9712,"RCZ",1
942,27,22994,"RENAULT CAPTUR",1
943,27,1020,"RENAULT KANGOO",1
944,27,1022,"RENAULT LUTECIA",1
945,27,1023,"RENAULT MEGANE",1
946,27,1025,"RENAULT SCENIC",1
947,28,2083,"ROVER 114",1
948,28,1038,"ROVER 75",1
949,28,1043,"ROVER MGF",1
950,28,1044,"ROVER MINI",1
951,23,6350,"RX",1
952,24,7961,"S CLASS",1
953,23,6351,"SC",1
954,21,10533,"SEREGA",1
955,24,6435,"SL",1
956,24,6436,"SLK",1
957,22,5805,"SPIDER",1
958,21,10534,"SUPER DOLPHIN",1
959,24,6438,"TRANSPORTER",1
960,21,9719,"TRUCK",1
961,24,26363,"V CLASS",1
962,24,6442,"VANEO",1
963,24,6443,"VIANO",1
964,25,6517,"VITA",1
965,32,6535,240,1
966,32,6536,"240 WAGON",1
967,32,6541,850,1
968,32,6542,"850 ESTATE",1
969,32,6544,"940 ESTATE",1
970,32,6546,"960 ESTATE",1
971,31,1753,"BEETLE",1
972,98,6796,"BOMAG",1
973,31,6484,"BORA",1
974,32,4714,"C30",1
975,32,1769,"C70",1
976,98,6797,"CAT",1
977,31,6851,"CC",1
978,31,2585,"COMFORT",1
979,98,1136,"COPEL",1
980,32,6548,"CROSS COUNTRY",1
981,31,6486,"CROSS GOLF",1
982,98,7741,"DAIHEN",1
983,34,1028,"DEFENDER",1
984,34,1029,"DISCOVERY",1
985,34,3101,"DISCOVERY 3",1
986,34,6835,"DISCOVERY 4",1
987,31,1755,"EOS",1
988,98,2112,"FJ CURISER",1
989,98,7764,"FORKLIFT",1
990,34,1030,"FREELANDER",1
991,34,3224,"FREELANDER 2",1
992,98,7722,"FURUKAWA",1
993,31,1053,"GOLF",1
994,31,27949,"GOLF ALLTRACK",1
995,31,6489,"GOLF CABRIO",1
996,31,27980,"GOLF GTE",1
997,31,11347,"GOLF R",1
998,31,6492,"GOLF TOURAN",1
999,31,6493,"GOLF VARIANT",1
1000,31,6494,"GOLF WAGON",1
